City,Cloudiness,Country,Date,Humidity,Lat,Lng,Max Temp,Wind Speed
Qasigiannguit,32,GL,1552513800,54,68.82,-51.19,4.98,5.1
Sistranda,90,NO,1552517166,97,63.73,8.83,32.99,5.7
Sarkand,0,KZ,1552517288,57,45.41,79.91,16.51,1.02
Bredasdorp,92,ZA,1552516273,93,-34.53,20.04,65.98,1.17
Jamestown,0,AU,1552517064,94,-33.21,138.6,62.14,1.97
Tiksi,56,RU,1552517288,76,71.64,128.87,-3.96,1.77
Kapaa,40,US,1552516697,61,22.08,-159.32,78.78,7.7
Mataura,20,NZ,1552516805,82,-46.19,168.86,54.98,0.45
Lebu,75,ET,1552514400,55,8.96,38.73,62.58,2.72
Nishihara,20,JP,1552517251,42,35.74,139.53,48.97,7.2
Saint George,40,GR,1552513800,70,39.45,22.34,46.38,2.1
Cabo San Lucas,20,MX,1552517233,46,22.89,-109.91,74.98,3.1
Butaritari,88,KI,1552517290,100,3.07,172.79,80.19,4.02
Ushuaia,0,AR,1552514400,47,-54.81,-68.31,55.38,3.82
Avarua,64,CK,1552516200,74,-21.21,-159.78,84.18,9.8
Puerto Ayora,0,EC,1552517193,74,-0.74,-90.35,80.58,3.6
Rikitea,100,PF,1552517153,100,-23.12,-134.97,74.7,9.62
Hithadhoo,88,MV,1552517102,100,-0.6,73.08,82.35,4.37
Upernavik,32,GL,1552517290,100,72.79,-56.15,-3.56,1.07
Khani,90,GE,1552516200,100,41.96,42.96,49.98,3.6
Marawi,44,PH,1552517291,75,8.0,124.29,72.09,1.17
Georgetown,40,GY,1552514400,78,6.8,-58.16,82.38,5.1
Columbus,1,US,1552517132,43,32.46,-84.99,73.38,5.1
Sabla,0,NG,1552517292,35,12.75,4.71,75.82,3.07
Norman Wells,75,CA,1552514400,60,65.28,-126.83,8.58,5.1
Churapcha,68,RU,1552517292,73,62.0,132.43,9.9,1.67
Broome,0,GB,1552517287,70,52.47,1.45,45.98,6.7
Albany,90,US,1552516958,38,42.65,-73.75,43.99,2.1
Ponta do Sol,64,BR,1552517153,87,-20.63,-46.0,70.74,1.22
Kurilsk,88,RU,1552517293,100,45.23,147.88,27.85,1.27
Tuktoyaktuk,40,CA,1552514400,69,69.44,-133.03,-13.02,2.1
Saskylakh,32,RU,1552517293,29,71.97,114.09,-20.61,1.42
Busselton,0,AU,1552517142,59,-33.64,115.35,62.98,6.32
Atuona,44,PF,1552517108,100,-9.8,-139.03,82.75,5.57
Yellowknife,75,CA,1552516984,61,62.45,-114.38,13.98,4.6
Bambous Virieux,20,MU,1552516745,83,-20.34,57.76,75.18,1.5
Nouadhibou,0,MR,1552514400,72,20.93,-17.03,67.98,6.7
Cartagena,0,ES,1552517169,81,37.63,-1.0,53.98,2.1
Cape Town,40,ZA,1552517105,93,-33.93,18.42,67.98,6.7
Hamilton,75,CA,1552517284,48,43.26,-79.87,44.58,2.1
Iqaluit,5,CA,1552516969,69,63.75,-68.52,-9.02,1.62
Torbay,40,CA,1552517267,74,47.66,-52.73,31.98,3.6
Platteville,90,US,1552516957,100,42.73,-90.48,51.98,5.7
Akdepe,0,TM,1552514400,65,42.05,59.39,55.38,4.1
Poum,48,MK,1552517120,89,41.28,20.71,24.43,0.82
Bluff,0,AU,1552516990,52,-23.58,149.07,87.39,2.07
Airai,68,TL,1552517296,86,-8.93,125.41,73.44,0.37
Pisco,40,PE,1552514400,30,-13.71,-76.2,71.58,9.8
Labuhan,44,ID,1552517154,89,-2.54,115.51,74.7,1.27
Sangar,68,RU,1552517297,62,63.92,127.47,8.86,1.97
Klaksvik,80,FO,1552515600,100,62.23,-6.59,35.58,3.6
Sinnamary,92,GF,1552517126,93,5.38,-52.96,79.65,4.77
Qaanaaq,56,GL,1552517280,100,77.48,-69.36,-4.23,4.22
San Quintin,92,PH,1552517111,80,17.54,120.52,74.2,1.22
Punta Arenas,75,CL,1552516994,76,-53.16,-70.91,49.98,3.1
Port Alfred,64,ZA,1552516915,93,-33.59,26.89,64.97,3.52
Jardim,12,BR,1552517298,91,-21.48,-56.15,75.15,2.77
Prince Rupert,90,CA,1552514400,70,54.32,-130.32,42.78,5.1
Isangel,40,VU,1552514400,74,-19.55,169.27,84.18,1.97
Abu Samrah,80,SY,1552517141,95,35.3,37.18,49.54,4.32
Grants,40,US,1552514100,48,35.15,-107.85,39.18,14.4
Skibbereen,75,IE,1552514400,87,51.55,-9.27,44.58,6.2
Bonthe,0,SL,1552517299,89,7.53,-12.5,80.64,1.97
Teknaf,0,BD,1552517299,91,20.86,92.31,69.25,1.97
Sitka,88,US,1552517273,66,37.17,-99.65,49.98,12.52
Arraial do Cabo,20,BR,1552514400,74,-22.97,-42.02,82.38,3.6
Gold Coast,92,AU,1552517228,74,-28.0,153.41,83.98,4.6
Thompson,20,CA,1552514400,69,55.74,-97.86,37.38,2.1
Castrillon,40,ES,1552517179,87,43.4,-6.79,46.38,3.1
Barrow,0,AR,1552517300,76,-38.31,-60.23,58.05,4.22
Chumikan,88,RU,1552517300,85,54.72,135.31,21.6,3.12
Comodoro Rivadavia,75,AR,1552514400,68,-45.87,-67.48,66.18,1.0
Sao Filipe,0,CV,1552517301,85,14.9,-24.5,73.8,7.72
Prince Albert,20,CA,1552514400,48,53.2,-105.75,40.98,3.6
Marfino,0,RU,1552516893,85,56.07,37.56,20.98,1.0
Salym,80,RU,1552517302,86,60.06,71.48,31.45,4.32
Dudinka,88,RU,1552517302,85,69.41,86.18,20.02,8.17
Katsuura,20,JP,1552516111,65,33.93,134.5,46.97,1.5
New Norfolk,0,AU,1552517055,62,-42.78,147.06,55.97,3.6
Nanortalik,12,GL,1552517165,100,60.14,-45.24,25.87,12.47
Tasiilaq,80,GL,1552513800,92,65.61,-37.64,22.98,1.5
Puerto del Rosario,75,ES,1552516200,82,28.5,-13.86,64.38,7.2
Egvekinot,44,RU,1552517107,71,66.32,-179.17,-3.38,5.92
Pindiga,0,NG,1552517303,24,9.98,10.93,74.92,3.97
Nathdwara,8,IN,1552517303,64,24.93,73.82,53.64,1.22
Souillac,90,FR,1552517288,81,45.6,-0.6,47.98,4.1
Kutum,0,SD,1552517304,20,14.2,24.66,62.32,4.52
East London,92,ZA,1552517212,100,-33.02,27.91,71.41,5.77
Banda Aceh,12,ID,1552517304,100,5.56,95.32,72.76,0.97
Bethel,90,US,1552514160,64,60.79,-161.76,39.18,3.6
Lagoa,0,PT,1552516929,54,37.14,-8.45,56.98,3.1
Hobart,0,AU,1552517239,62,-42.88,147.33,59.99,3.6
Mahebourg,20,MU,1552517045,83,-20.41,57.7,75.18,1.5
Hilo,75,US,1552517003,69,19.71,-155.08,75.18,5.87
Umm Lajj,20,SA,1552517305,94,25.02,37.27,71.05,5.62
Kalmunai,64,LK,1552517306,96,7.42,81.82,73.75,1.67
Broken Hill,0,AU,1552514400,31,-31.97,141.45,64.38,5.1
Kununurra,40,AU,1552514400,54,-15.77,128.74,84.18,3.1
Chokurdakh,0,RU,1552517306,49,70.62,147.9,-16.97,1.32
Smirnykh,76,RU,1552517307,81,49.74,142.83,24.3,2.57
Gunnedah,88,AU,1552517277,50,-30.98,150.25,77.99,1.5
Mar del Plata,0,AR,1552516880,90,-46.43,-67.52,57.19,1.97
Ancud,75,CL,1552514400,58,-41.87,-73.83,58.98,5.7
Vaini,0,IN,1552517302,79,15.34,74.49,63.4,0.92
Cidreira,0,BR,1552517308,88,-30.17,-50.22,71.41,4.27
Corlu,40,AZ,1552514400,80,40.93,47.73,40.98,1.5
Necochea,0,AR,1552516690,47,-38.55,-58.74,63.98,0.89
Oxelosund,75,SE,1552515600,93,58.67,17.1,37.38,5.1
Hualmay,12,PE,1552517171,80,-11.1,-77.61,73.12,1.77
Warrnambool,0,AU,1552516805,55,-38.38,142.48,66.97,0.89
Surazh,64,RU,1552517309,68,53.01,32.39,26.68,4.67
Sinuknipan,0,PH,1552517309,90,13.89,122.64,77.44,1.82
Isiro,8,CD,1552517309,93,2.77,27.62,69.07,0.97
Tomatlan,12,MX,1552517152,54,19.93,-105.25,81.4,1.52
Tuatapere,92,NZ,1552516805,82,-46.13,167.69,54.98,0.45
Hami,0,CN,1552517310,65,42.84,93.51,28.89,2.07
Kaitangata,68,NZ,1552517050,65,-46.28,169.85,57.97,3.58
Cherskiy,0,RU,1552517156,41,68.75,161.3,-13.19,1.12
Along,68,IN,1552517310,73,28.17,94.8,56.74,0.82
Port Macquarie,88,AU,1552517045,83,-31.43,152.91,76.98,3.6
Leshukonskoye,0,RU,1552517311,68,64.9,45.76,4.77,1.07
Nome,90,US,1552517302,83,30.04,-94.42,75.18,8.2
Fairbanks,75,US,1552517267,55,64.84,-147.72,39.97,3.6
Port-Gentil,40,GA,1552514400,83,-0.72,8.78,84.18,4.6
Dikson,80,RU,1552517291,91,73.51,80.55,12.1,11.22
Namibe,0,AO,1552517152,100,-15.19,12.15,76.72,3.77
Pangody,80,RU,1552517312,89,65.85,74.49,23.17,5.12
Aklavik,40,CA,1552514400,64,68.22,-135.01,-4.02,2.6
Emerald,0,AU,1552517185,65,-23.53,148.16,82.97,3.1
Hasaki,20,JP,1552516476,59,35.73,140.83,40.98,2.6
Dubbo,68,AU,1552514400,60,-32.25,148.6,73.38,3.6
Namatanai,68,PG,1552517313,100,-3.66,152.44,81.49,4.47
Calvinia,36,ZA,1552517313,74,-31.47,19.78,51.57,1.17
Laguna,40,MX,1552513320,35,27.52,-110.01,73.38,4.1
Tarangnan,0,PH,1552517314,87,11.9,124.75,78.3,2.97
Richards Bay,36,ZA,1552517200,87,-28.77,32.06,73.75,3.97
Sorong,36,ID,1552517314,99,-0.86,131.25,81.99,5.27
Narsaq,48,GL,1552513800,79,60.91,-46.05,26.58,6.2
Fortuna,0,ES,1552517241,71,38.18,-1.13,53.98,1.5
Hermanus,20,ZA,1552517204,94,-34.42,19.24,66.97,1.37
Bulawayo,0,ZW,1552517315,93,-20.16,28.59,60.7,2.57
Ruteng,76,ID,1552517315,92,-8.61,120.46,75.42,1.67
Mantua,0,IT,1552517284,93,45.16,10.79,42.98,1.0
Erzin,75,TR,1552513800,76,36.95,36.2,62.58,1.0
Tual,92,ID,1552517316,100,-5.67,132.75,77.35,8.67
Cayhagan,0,PH,1552517316,92,9.67,122.43,78.52,4.82
Port Blair,0,IN,1552517316,100,11.67,92.75,79.92,2.77
Komsomolskiy,48,RU,1552517317,84,67.55,63.78,6.61,6.37
Faya,0,SA,1552514400,51,18.39,42.45,64.38,3.6
Nikolskoye,75,RU,1552517106,73,59.7,30.79,26.98,3.0
Ranir Bazar,32,IN,1552517317,87,23.84,91.36,63.9,1.17
Flin Flon,20,CA,1552514400,44,54.77,-101.88,40.98,6.2
Cardston,90,CA,1552514400,79,49.2,-113.32,33.78,1.0
Tautira,75,PF,1552516990,74,-17.73,-149.15,82.38,3.6
Obo,12,CF,1552517318,85,5.39,26.49,68.17,1.27
Kavieng,68,PG,1552517318,100,-2.57,150.8,81.22,3.67
Qaqortoq,20,GL,1552513800,79,60.72,-46.03,26.58,6.2
Yumen,0,CN,1552517319,63,40.29,97.04,19.57,1.02
Weatherford,1,US,1552517028,25,32.76,-97.8,77.99,9.8
Wawa,12,NG,1552517319,61,9.9,4.41,79.74,3.12
Bambanglipuro,48,ID,1552517319,93,-7.95,110.28,75.55,1.77
North Bend,1,US,1552517157,66,43.41,-124.22,51.78,4.6
Quesnel,1,CA,1552516831,38,52.98,-122.49,42.78,3.1
Cockburn Town,0,TC,1552517320,100,21.46,-71.14,76.5,5.32
Yamethin,0,MM,1552517320,78,20.43,96.14,63.31,1.17
Ust-Kuyga,36,RU,1552517321,59,70.0,135.55,-13.05,1.32
Port Hardy,90,CA,1552514400,75,50.7,-127.42,44.58,7.2
Fort Stewart,1,US,1552517308,56,31.87,-81.61,71.58,5.1
Mosquera,40,CO,1552514400,82,4.71,-74.23,62.58,3.1
Sisophon,20,KH,1552517322,76,13.59,102.97,77.26,0.87
Russell,0,AR,1552514400,30,-33.01,-68.8,82.38,4.1
Bathsheba,40,BB,1552514400,74,13.22,-59.52,78.78,6.7
Provideniya,92,RU,1552517322,100,64.42,-173.23,15.43,9.82
Santa Rosa,44,AR,1552517324,62,-36.62,-64.29,69.07,3.32
Victoria,75,BN,1552516200,94,5.28,115.24,76.98,1.02
Anadyr,90,RU,1552516994,77,64.73,177.51,-2.02,3.0
Kodiak,40,US,1552517053,44,39.95,-94.76,62.58,10.3
Jinchang,20,CN,1552517324,60,38.52,102.19,11.79,1.92
Douglas,90,US,1552517278,47,31.34,-109.55,55.38,12.3
West Bay,75,GB,1552517305,81,50.71,-2.76,48.97,6.2
Catabola,80,AO,1552517325,91,-12.14,17.29,60.88,1.22
Port-Cartier,90,CA,1552517310,79,50.03,-66.88,27.98,2.1
Dingle,0,PH,1552517326,70,11.0,122.67,77.98,5.42
Conceicao do Araguaia,92,BR,1552517326,97,-8.26,-49.26,72.0,6.92
Sadao,20,TH,1552516200,94,6.63,100.42,73.38,3.17
San Cristobal,75,EC,1552517104,68,-0.39,-78.55,67.98,6.7
Ravar,32,IR,1552517327,66,31.27,56.81,29.25,0.97
Lethem,0,GY,1552517327,50,3.38,-59.8,85.32,6.92
Inuvik,40,CA,1552514400,64,68.36,-133.71,-4.02,2.6
Mansa,0,IN,1552517328,43,23.43,72.66,61.69,3.87
Castro,75,CL,1552514400,58,-42.48,-73.76,58.98,5.7
Ambulu,64,ID,1552517328,100,-8.35,113.61,79.6,1.32
Santa Cruz,1,US,1552517134,29,36.97,-122.03,64.97,7.7
Kribi,100,CM,1552517331,89,2.94,9.91,78.57,1.87
Saharsa,56,IN,1552517331,52,25.88,86.59,69.3,3.47
Guerrero Negro,0,MX,1552517331,96,27.97,-114.04,58.54,4.62
Abaza,0,RU,1552517331,73,52.65,90.1,20.25,1.77
Nioro,0,GM,1552517332,23,13.79,-15.05,76.27,5.27
Palana,0,RU,1552517332,62,59.08,159.95,3.46,1.47
Hofn,92,IS,1552517332,100,64.25,-15.21,37.03,11.42
Vestmannaeyjar,92,IS,1552517279,91,63.44,-20.27,38.2,3.67
Baherden,0,TM,1552517187,64,38.44,57.43,47.11,1.42
Srednekolymsk,44,RU,1552517333,70,67.46,153.71,-1.85,1.22
Ribeira Grande,40,PT,1552514400,76,38.52,-28.7,57.18,7.2
Copiapo,75,CL,1552514400,68,-27.37,-70.33,66.18,5.1
Santa Isabel do Rio Negro,12,BR,1552517333,81,-0.41,-65.02,80.55,2.12
Awash,36,ET,1552517333,60,8.99,40.17,68.62,0.97
Ensley,75,US,1552517286,49,33.51,-86.89,72.98,5.1
Salalah,0,OM,1552513800,46,17.01,54.1,73.38,1.5
El Tigre,44,VE,1552517086,51,8.89,-64.25,84.73,7.02
Puerto Leguizamo,88,CO,1552517334,90,-0.19,-74.78,77.67,1.02
Lucapa,64,AO,1552517334,90,-8.42,20.74,68.71,1.22
Severo-Kurilsk,92,RU,1552517335,95,50.68,156.12,30.87,9.37
Shache,68,CN,1552517143,81,38.42,77.24,31.9,1.17
Novyy Urengoy,88,RU,1552517335,92,66.08,76.63,26.14,5.47
Kirakira,24,SB,1552517335,100,-10.46,161.92,83.11,2.37
Luena,56,AO,1552517335,91,-11.78,19.91,61.6,0.97
Kaduqli,0,SD,1552517336,47,11.01,29.72,70.47,1.72
Kahului,40,US,1552517204,69,20.89,-156.47,78.78,7.7
Kamaishi,68,JP,1552517336,61,39.28,141.86,38.7,7.57
Svetlogorsk,90,RU,1552514400,100,53.14,59.15,30.18,1.0
Lerwick,88,GB,1552515600,80,60.15,-1.15,40.98,0.5
Sighetu Marmatiei,92,RO,1552517108,60,47.93,23.89,41.99,1.0
Bougouni,0,ML,1552517337,28,11.42,-7.49,73.8,4.37
Margate,0,AU,1552517295,62,-43.03,147.26,59.99,3.6
Mayo,75,CA,1552514400,79,63.59,-135.9,31.98,2.1
San Policarpo,20,PH,1552517338,87,12.18,125.51,79.65,5.12
Crotone,32,IT,1552517338,100,39.09,17.12,55.21,7.17
Zapolyarnyy,0,RU,1552515600,67,69.43,30.82,17.58,14.9
Kuryk,76,KZ,1552517339,93,43.18,51.68,44.14,2.67
Kuytun,92,RU,1552517339,88,54.34,101.51,27.4,2.22
Taltal,0,CL,1552517339,82,-25.41,-70.49,61.78,1.12
Clyde River,20,CA,1552514400,82,70.47,-68.59,-18.42,2.1
Babu,92,CN,1552517340,95,23.23,104.89,53.41,1.32
Changping,0,CN,1552516200,50,40.22,116.23,32.99,1.0
Aswan,0,EG,1552517341,39,24.09,32.9,62.55,5.77
Charters Towers,8,AU,1552517341,86,-20.07,146.27,79.51,2.07
Padang,40,ID,1552514400,88,-0.92,100.36,76.98,1.0
Kailua,90,US,1552517224,78,21.39,-157.74,82.38,5.1
Evensk,20,RU,1552517341,100,61.92,159.24,4.54,1.67
Tateyama,40,JP,1552517108,96,36.66,137.31,43.99,2.1
Seoul,0,KR,1552516200,46,37.57,126.98,31.98,2.1
Mill Valley,1,US,1552517339,65,37.91,-122.55,64.97,3.6
Abonnema,75,NG,1552514400,88,4.71,6.79,76.98,1.5
Zhigansk,56,RU,1552517343,80,66.77,123.37,6.16,2.92
Jiwani,0,PK,1552517343,92,25.05,61.74,59.49,1.07
Yulara,36,AU,1552514400,27,-25.24,130.99,78.78,4.1
Saint-Philippe,90,CA,1552517287,59,45.36,-73.48,35.58,4.1
Soyo,48,AO,1552517187,95,-6.13,12.37,78.88,1.82
Tezu,64,IN,1552517344,82,27.93,96.16,53.59,0.82
Hope,75,CA,1552517187,57,49.38,-121.43,48.97,4.6
Rivne,75,UA,1552515038,64,50.62,26.25,39.18,5.0
Port Elizabeth,1,US,1552517147,42,39.31,-74.98,50.99,3.1
Codrington,40,AU,1552517234,83,-28.95,153.24,77.99,1.57
Ambon,20,FR,1552517328,87,47.55,-2.56,49.98,4.6
Plouzane,90,FR,1552517284,81,48.38,-4.62,48.97,5.1
Berlevag,24,NO,1552513800,79,70.86,29.09,21.18,14.9
Forest,90,US,1552517009,69,32.36,-89.47,75.97,5.1
Deputatskiy,20,RU,1552517342,52,69.3,139.9,-19.58,1.22
Gloversville,90,US,1552517325,47,43.05,-74.34,42.78,2.1
Touros,75,BR,1552514400,94,-5.2,-35.46,78.78,1.0
Novyy Urgal,48,RU,1552517346,73,51.07,132.56,22.9,1.72
Inta,68,RU,1552517347,77,66.04,60.13,18.85,2.37
Mora,0,PT,1552517343,87,38.94,-8.17,49.98,3.57
Teguise,20,ES,1552514400,82,29.06,-13.56,62.58,4.6
Khatanga,0,RU,1552517106,30,71.98,102.47,-21.2,2.67
Iisalmi,90,FI,1552515600,79,63.56,27.19,24.78,5.1
Pechora,68,RU,1552517348,88,65.12,57.16,18.31,2.27
Dosso,0,NE,1552517348,60,13.05,3.19,76.09,1.22
Superior,90,US,1552517172,73,47.19,-114.89,36.98,2.1
Saint-Agapit,75,CA,1552517281,80,46.56,-71.44,32.99,2.6
Pevek,8,RU,1552517194,100,69.7,170.27,-20.66,1.32
Chuy,88,UY,1552517349,92,-33.69,-53.46,67.09,9.42
Leningradskiy,12,RU,1552517349,80,69.38,178.42,-12.74,3.07
Biak,88,ID,1552517350,100,-0.91,122.88,75.64,1.87
Sioux Lookout,90,CA,1552514400,65,50.1,-91.92,40.98,2.1
Peniche,0,PT,1552517267,76,39.36,-9.38,51.98,1.5
Roros,88,NO,1552515600,92,62.57,11.38,10.38,1.0
Hervey Bay,40,AU,1552517108,88,-25.3,152.85,86.99,3.6
Ranfurly,0,CA,1552517351,91,53.41,-111.68,27.76,2.97
Husavik,92,CA,1552517141,82,50.56,-96.99,35.98,2.68
High Level,75,CA,1552514400,69,58.52,-117.13,35.58,3.6
Shimanovsk,56,RU,1552517351,67,52.0,127.67,22.99,1.67
Mossendjo,92,CG,1552517352,97,-2.95,12.72,74.56,1.07
Oistins,40,BB,1552514400,74,13.07,-59.53,78.78,6.7
La Palma,12,CO,1552517353,78,5.36,-74.39,73.8,0.22
Harsin,0,IR,1552516200,23,34.27,47.59,51.78,5.1
Nipawin,1,CA,1552514400,60,53.36,-104.02,39.18,2.6
Shakawe,0,BW,1552517354,68,-18.36,21.84,70.15,1.32
Homer,90,US,1552517203,74,59.64,-151.54,38.98,10.3
High Prairie,0,CA,1552517354,52,55.43,-116.48,35.14,3.12
Gravdal,40,NO,1552517288,86,59.79,5.78,39.18,3.6
Ratnagiri,0,IN,1552517213,100,16.98,73.3,74.47,8.12
Kourou,0,GF,1552516200,74,5.16,-52.64,78.78,1.0
Shushenskoye,0,RU,1552514400,50,53.33,91.95,33.78,5.0
Sao Joao da Barra,0,BR,1552514400,74,-21.64,-41.05,82.38,4.1
Maniitsoq,0,GL,1552517355,87,65.42,-52.9,-0.81,2.92
Faanui,36,PF,1552517356,100,-16.48,-151.75,83.65,6.57
Caracollo,80,PE,1552517356,92,-14.92,-70.66,41.4,1.07
Caravelas,0,BR,1552517356,99,-17.73,-39.27,84.28,7.37
Grand-Santi,88,GF,1552517356,68,4.27,-54.38,80.14,1.52
San-Pedro,0,CI,1552517214,89,4.75,-6.64,80.41,3.22
Ilulissat,32,GL,1552513800,54,69.22,-51.1,4.98,5.1
Maun,0,BW,1552514400,44,-19.99,23.42,75.18,2.6
Rovinj,90,HR,1552517307,93,45.08,13.64,44.98,1.5
Longyearbyen,20,NO,1552513800,77,78.22,15.63,-0.42,1.5
Khandagayty,20,MN,1552517358,65,50.73,92.07,10.84,1.87
Nantucket,1,US,1552517312,64,41.28,-70.1,36.98,2.1
Inirida,12,CO,1552517283,89,3.87,-67.92,78.12,0.87
Praia da Vitoria,75,PT,1552517184,71,38.73,-27.07,57.97,5.62
Dauphin,1,CA,1552514400,64,51.15,-100.04,35.58,2.1
Bitung,20,ID,1552516200,100,1.44,125.19,71.58,5.67
Tura,0,IN,1552517205,77,25.52,90.21,56.47,0.87
Fort Abbas,24,PK,1552517359,92,29.19,72.85,56.2,3.12
Fort Nelson,40,CA,1552514400,38,58.81,-122.69,42.78,4.1
Geraldton,90,CA,1552514400,86,49.72,-86.95,39.18,2.6
Elliot,44,ZA,1552517360,81,-31.33,27.85,48.91,0.92
Hirara,40,JP,1552514400,68,24.8,125.28,66.18,3.6
Luderitz,8,NA,1552517148,91,-26.65,15.16,58.05,5.72
Roald,92,NO,1552517262,93,62.58,6.12,35.98,5.7
Mehamn,0,NO,1552513800,79,71.03,27.85,22.98,5.7
Syracuse,90,US,1552517059,42,43.05,-76.15,44.58,1.5
Ocampo,88,PH,1552517362,97,13.56,123.37,76.05,2.47
General Roca,0,AR,1552514400,41,-39.03,-67.58,78.78,3.6
Balsas,64,BR,1552517285,97,-7.53,-46.04,68.89,1.37
Phan Thiet,48,VN,1552517362,95,10.93,108.1,78.79,5.67
Adrar,0,DZ,1552514400,13,27.87,-0.29,64.38,5.1
Kirksville,75,US,1552515300,87,40.19,-92.58,60.98,10.3
Haines Junction,80,CA,1552517363,79,60.75,-137.51,26.95,1.92
Guaira,32,BR,1552517363,93,-24.09,-54.26,73.3,0.72
Gritsovskiy,24,RU,1552517364,79,54.14,38.16,15.25,1.42
Lavrentiya,64,RU,1552517102,100,65.58,-170.99,16.02,14.57
Kirkwall,92,GB,1552517179,86,58.98,-2.96,40.98,4.1
Coquimbo,20,CL,1552514400,72,-29.95,-71.34,64.38,5.7
Daru,0,SL,1552517364,69,7.99,-10.85,79.96,4.17
Great Yarmouth,0,GB,1552517313,70,52.61,1.73,45.98,6.7
Cap Malheureux,20,MU,1552517345,83,-19.98,57.61,75.18,1.5
Sao Mateus,8,BR,1552517073,88,-18.72,-39.86,83.56,6.27
Topeka,40,US,1552517138,55,39.05,-95.68,64.38,12.9
Rocha,92,UY,1552517365,94,-34.48,-54.34,63.54,7.62
Beringovskiy,68,RU,1552517150,91,63.05,179.32,3.1,9.47
Micheweni,36,TZ,1552517366,100,-4.97,39.83,80.64,4.32
Chegdomyn,32,RU,1552517366,68,51.13,133.04,20.02,1.57
Leninsk,40,RU,1552514400,100,48.69,45.2,28.38,3.0
Quatre Cocos,20,MU,1552517345,83,-20.21,57.76,75.18,1.5
Kuusamo,0,FI,1552515600,85,65.96,29.19,10.38,4.1
Maltahohe,0,NA,1552517367,41,-24.83,16.98,58.77,1.72
Shingu,0,JP,1552517367,100,33.72,135.99,50.35,7.92
Pokrovka,0,RU,1552517367,56,43.95,131.63,31.0,3.27
Kitab,0,UZ,1552514400,75,39.12,66.88,42.78,2.67
Rundu,0,NA,1552517368,79,-17.91,19.77,70.47,1.42
Guayaramerin,24,BO,1552517293,83,-10.82,-65.36,81.22,0.92
Limoux,90,FR,1552517329,75,43.05,2.22,51.78,8.2
Chicama,75,PE,1552514400,69,-7.84,-79.15,78.78,5.1
Mlonggo,56,ID,1552517369,91,-6.53,110.7,81.0,1.72
San Rafael,0,AR,1552517370,39,-34.61,-68.33,69.12,3.47
Kyzyl-Suu,0,KG,1552517370,100,42.34,78.0,24.16,2.32
Half Moon Bay,1,US,1552517133,38,37.46,-122.43,64.97,7.2
Pacific Grove,1,US,1552517130,54,36.62,-121.92,64.97,6.2
Grand Gaube,20,MU,1552517045,83,-20.01,57.66,75.18,1.5
Mgandu,0,TZ,1552517371,89,-5.96,34.11,60.43,2.22
Orangeburg,1,US,1552517242,52,33.49,-80.86,69.78,2.6
Kysyl-Syr,36,RU,1552517193,82,63.9,122.77,9.45,3.17
Matola,20,MZ,1552514400,73,-25.97,32.47,76.98,1.0
Venado Tuerto,0,AR,1552517317,40,-33.75,-61.97,67.98,0.45
Bandarbeyla,92,SO,1552517372,100,9.49,50.81,78.07,4.37
Vikulovo,68,RU,1552517372,84,55.07,40.96,20.52,3.32
Mungwi,80,ZM,1552517373,95,-10.17,31.37,62.37,1.27
Celestun,0,MX,1552517373,79,20.87,-90.4,85.09,1.32
Emba,40,CY,1552517156,62,34.81,32.42,58.98,2.6
Karratha,0,AU,1552517182,68,-20.74,116.85,83.56,2.07
Vanavara,92,RU,1552517373,92,60.35,102.28,23.04,4.22
Samarai,92,PG,1552517374,100,-10.62,150.67,76.18,6.07
Aksarka,0,RU,1552517374,77,66.56,67.8,6.88,5.12
Washougal,1,US,1552517163,50,45.58,-122.35,54.98,1.5
Takoradi,36,GH,1552517127,99,4.89,-1.75,82.48,3.92
Beloretsk,24,RU,1552517374,68,58.67,52.48,11.47,2.42
Saint-Joseph,0,FR,1552517285,30,43.56,6.97,53.58,3.6
Dongsheng,68,CN,1552517375,95,29.72,112.52,49.81,4.62
Salinas,1,US,1552517362,61,36.67,-121.66,64.97,6.2
Klamath Falls,1,US,1552517369,33,42.22,-121.78,45.98,2.6
Pilar,20,AR,1552517308,60,-34.46,-58.91,73.38,2.6
Chapais,90,CA,1552515600,91,49.78,-74.86,33.78,5.1
Cascais,20,PT,1552517199,76,38.7,-9.42,53.58,8.7
Wolfhagen,75,DE,1552517281,80,51.33,9.17,42.98,8.7
Wilmington,1,US,1552517285,43,39.75,-75.55,49.98,1.5
Les Cayes,64,HT,1552517377,100,18.19,-73.75,76.14,4.77
Dicabisagan,92,PH,1552517377,100,17.08,122.42,70.69,2.92
Tirana,0,AL,1552515600,80,41.33,19.82,39.18,1.5
Ola,24,RU,1552517372,100,59.58,151.3,12.15,1.97
Puerto Carreno,20,CO,1552514400,39,6.19,-67.49,96.78,0.97
Riyadh,0,SA,1552514400,13,24.63,46.72,67.98,4.1
Mercedes,0,UY,1552517378,93,-33.25,-58.03,64.39,2.77
Vangaindrano,92,MG,1552517378,96,-23.35,47.6,69.79,1.52
Orlik,56,RU,1552517378,66,52.51,99.83,14.44,1.32
Vidyayevo,0,RU,1552514400,66,69.32,32.81,13.98,3.0
Sao Jose da Coroa Grande,68,BR,1552517379,100,-8.9,-35.15,76.77,1.22
Jalu,0,LY,1552517379,60,29.03,21.55,50.98,3.37
Alpena,90,US,1552517143,93,45.06,-83.43,39.97,3.32
Sergeyevka,80,KZ,1552517380,88,53.88,67.42,34.92,6.27
Vardo,90,US,1552517154,30,39.62,-77.74,57.18,4.1
Kieta,88,PG,1552517202,100,-6.22,155.63,78.75,1.62
Mopipi,0,BW,1552517380,49,-21.2,24.86,74.83,5.82
Alofi,75,NU,1552514400,70,-19.06,-169.92,85.98,6.2
Vestmanna,68,FO,1552515600,100,62.16,-7.17,35.58,3.6
Armacao de Pera,0,PT,1552517229,54,37.1,-8.36,55.97,3.1
Lata,68,IN,1552517381,85,30.78,78.62,27.49,0.77
Tessalit,0,ML,1552517381,22,20.2,1.01,56.74,3.22
Acandi,0,CO,1552517381,75,8.51,-77.28,80.55,2.17
George Town,75,MY,1552516200,83,5.42,100.33,80.58,2.1
Uni,44,RU,1552517382,83,57.75,51.49,15.61,1.12
Nova Olinda do Norte,32,BR,1552517382,82,-3.89,-59.1,80.77,1.52
Lagunas,76,PE,1552517383,85,-5.23,-75.68,79.06,1.02
Belmonte,0,PT,1552517307,72,40.36,-7.35,44.98,2.37
Port Hedland,68,AU,1552514400,78,-20.31,118.58,82.38,3.1
Yaan,64,NG,1552517383,76,7.38,8.57,80.14,4.47
Carnarvon,88,ZA,1552517116,29,-30.97,22.13,55.62,1.32
Walvis Bay,0,NA,1552514531,87,-22.95,14.51,61.99,0.5
Kifri,92,IQ,1552517384,36,34.69,44.96,57.42,4.62
Quzhou,92,CN,1552517384,98,28.97,118.86,50.26,1.57
Saint Anthony,90,US,1552517362,55,43.97,-111.68,37.97,3.6
Alta Floresta,36,BR,1552517384,91,-9.87,-56.08,77.62,0.42
Coihaique,90,CL,1552514400,66,-45.58,-72.07,51.78,8.2
Ulladulla,75,AU,1552517117,77,-35.36,150.48,68.99,2.1
Omboue,80,GA,1552517385,100,-1.57,9.26,79.06,2.97
Imbituba,75,BR,1552514400,74,-28.24,-48.67,78.78,3.1
Santa Maria,20,BR,1552514400,64,-29.69,-53.81,75.18,2.1
Novo Aripuana,20,BR,1552517388,75,-5.12,-60.38,81.31,1.32
Santa Fe,32,AR,1552517377,55,-31.62,-60.7,75.97,0.89
Consolacion del Sur,76,CU,1552517389,60,22.5,-83.51,81.0,2.67
Mahibadhoo,8,MV,1552517389,98,3.78,72.97,84.19,3.77
Zyryanka,36,RU,1552517389,74,65.73,150.89,-3.06,1.42
Vila Franca do Campo,75,PT,1552517371,62,37.72,-25.43,57.18,5.7
Xining,32,CN,1552517373,75,36.62,101.77,9.9,0.97
Plettenberg Bay,80,ZA,1552517142,100,-34.05,23.37,65.02,2.77
Sanming,76,CN,1552517390,92,26.24,117.6,52.51,1.07
Sahbuz,90,AZ,1552516200,90,39.41,45.57,44.58,3.1
Tilichiki,24,RU,1552517391,81,60.47,166.1,-5.4,1.87
Rawson,44,AR,1552517391,69,-43.3,-65.11,62.32,7.67
Atar,0,MR,1552517365,16,20.52,-13.05,68.94,4.47
Oyon,92,PE,1552517391,95,-10.67,-76.77,46.8,0.77
Christchurch,68,NZ,1552516986,59,-43.53,172.64,63.98,2.6
Tommot,76,RU,1552517392,85,58.97,126.27,15.3,2.32
Don Sak,20,TH,1552516200,74,9.32,99.69,82.38,4.6
Chaihe,8,CN,1552517392,62,44.77,129.68,26.68,1.62
Mwinilunga,56,ZM,1552517392,96,-11.73,24.43,64.89,0.87
Point Pleasant,1,US,1552518000,56,40.08,-74.07,48.18,4.1
Dunedin,92,NZ,1552516904,61,-45.87,170.5,57.97,1.34
Regeneracao,48,BR,1552517130,93,-6.24,-42.69,74.97,3.37
Golden,40,CA,1552514400,38,51.3,-116.96,39.18,5.1
Gilbues,44,BR,1552517387,96,-9.83,-45.34,71.77,0.62
Miles City,90,US,1552517110,80,46.41,-105.84,33.78,8.7
Victoria,75,BN,1552516200,94,5.28,115.24,76.98,1.02
Taoudenni,0,ML,1552517394,28,22.68,-3.98,57.91,3.37
Dickinson,90,US,1552517110,91,46.88,-102.79,32.99,9.8
Atbasar,12,KZ,1552517394,84,51.81,68.36,25.65,3.57
Carutapera,68,BR,1552517133,95,-1.2,-46.02,77.71,2.17
Benguela,20,AO,1552517395,100,-12.58,13.4,77.22,2.57
Paranhos,92,PY,1552517395,97,-23.89,-55.43,71.32,1.37
Paignton,75,GB,1552517305,81,50.44,-3.56,48.97,6.2
Port Lincoln,0,AU,1552517164,87,-34.72,135.86,66.19,2.67
Batemans Bay,88,AU,1552517212,87,-35.71,150.18,66.97,0.45
Warrington,40,GB,1552517344,81,53.39,-2.59,44.98,6.7
Mount Isa,0,AU,1552514400,65,-20.73,139.49,80.58,2.1
College,75,US,1552517046,55,64.86,-147.8,39.97,3.6
San Gavino Monreale,0,IT,1552517150,76,39.55,8.79,52.99,4.6
Kargasok,80,RU,1552517396,83,59.06,80.87,33.97,3.67
Terra Santa,0,BR,1552517397,79,-2.1,-56.49,80.77,2.32
Praya,75,ID,1552516200,100,-8.71,116.27,73.38,1.0
Nchelenge,12,ZM,1552517397,96,-9.35,28.74,65.11,1.12
Bogorodskoye,76,RU,1552517397,76,52.37,140.44,23.94,2.02
Jumla,92,NP,1552517398,100,29.28,82.18,26.86,0.77
San Patricio,92,PY,1552517398,91,-26.98,-56.83,71.55,0.92
Say,0,NE,1552514400,8,13.1,2.36,87.78,3.1
Parkes,68,AU,1552516976,22,-33.14,148.18,76.98,2.52
Nerchinskiy Zavod,56,RU,1552517399,60,51.31,119.61,16.47,1.97
Coihueco,0,CL,1552514400,26,-36.63,-71.83,78.78,5.7
San Andres,0,PH,1552517399,100,13.32,122.68,79.92,2.77
Pangnirtung,20,CA,1552514400,68,66.15,-65.72,-16.62,1.0
Bacungan,20,PH,1552514400,83,9.87,118.73,73.38,3.1
Martapura,20,ID,1552516200,100,-3.41,114.85,76.98,2.1
Savinka,68,RU,1552517400,94,50.08,47.1,26.95,5.67
Manali,68,IN,1552517400,82,32.25,77.19,5.26,0.77
Kruisfontein,32,ZA,1552517401,86,-34.0,24.73,60.84,2.62
Xixiang,40,CN,1552517377,73,22.58,113.87,69.78,6.7
Fujin,76,CN,1552517401,84,47.24,132.03,26.95,1.97
Vila Velha,40,BR,1552516688,88,-3.71,-38.6,78.78,1.0
Arman,0,RU,1552517402,71,59.7,150.17,7.96,1.72
Flinders,75,AU,1552517346,77,-34.58,150.85,71.98,2.1
Cayenne,0,GF,1552516200,74,4.94,-52.33,78.78,1.0
Veseloyarsk,0,RU,1552517403,83,51.29,81.11,24.12,5.22
Zalantun,44,CN,1552517403,42,48.0,122.72,26.32,2.32
Morondava,88,MG,1552517403,100,-20.3,44.28,78.61,1.52
Hvide Sande,0,DK,1552517237,86,56.01,8.13,41.99,7.2
Bacalar,40,MX,1552513920,66,18.68,-88.39,84.18,9.3
Rizhao,0,CN,1552517404,48,35.43,119.46,43.92,5.07
San Jose,88,PH,1552517250,99,15.79,120.99,72.13,1.02
Bunbury,75,GB,1552517404,81,53.12,-2.65,44.98,6.2
Tahoua,0,NE,1552517406,29,14.89,5.26,74.2,4.57
Coxim,0,BR,1552517407,89,-18.5,-54.75,75.24,0.87
Luau,76,CD,1552517407,95,-10.7,22.23,66.91,1.02
Petropavlovsk-Kamchatskiy,40,RU,1552514400,62,53.05,158.65,19.38,4.0
Muros,40,ES,1552517403,93,42.77,-9.06,48.97,2.1
Neiafu,75,TO,1552514400,74,-18.65,-173.98,84.18,3.6
Abha,0,SA,1552514400,51,18.22,42.5,64.38,3.6
Byron Bay,88,AU,1552516920,88,-28.65,153.62,80.98,1.0
Sokoto,0,NG,1552517409,41,13.06,5.24,72.0,2.07
Saldanha,0,PT,1552517246,85,41.42,-6.55,32.08,1.77
Talnakh,80,RU,1552517409,81,69.49,88.39,18.54,8.17
Beyneu,32,KZ,1552517410,63,45.32,55.19,49.99,3.67
Syasstroy,0,RU,1552517410,83,60.14,32.56,18.49,3.02
Vao,88,EE,1552517410,94,59.1,26.19,32.53,4.82
Chalus,0,IR,1552514400,87,36.66,51.42,53.58,1.62
Palmer,0,AU,1552517406,67,-34.85,139.16,65.98,1.92
Traiguen,0,CL,1552517412,70,-38.25,-72.68,58.77,3.87
Minot,1,US,1552517105,74,48.23,-101.3,33.98,8.2
Beira,75,ES,1552517403,87,43.2,-8.36,48.18,0.5
Tawang,64,BT,1552517413,73,27.59,91.87,36.85,0.62
Maumere,88,ID,1552517413,100,-8.63,122.22,81.13,1.22
Havre,1,US,1552517173,74,48.55,-109.68,34.99,7.7
Arroyo,90,US,1552517223,36,41.39,-78.88,52.99,2.47
Meiganga,88,CM,1552517414,42,6.52,14.29,71.59,1.87
Yenotayevka,0,RU,1552517414,91,47.24,47.04,33.12,5.47
Mitsamiouli,0,KM,1552517414,100,-11.38,43.28,81.09,4.27
Taybad,0,IR,1552517357,78,34.74,60.78,38.34,2.22
Amahai,76,ID,1552517415,100,-3.31,129.0,81.31,6.42
Verkhoyansk,48,RU,1552517415,45,67.55,133.39,-16.16,1.22
Fiche,24,ET,1552517415,83,9.77,38.74,44.82,1.17
Tselinnoye,0,UA,1552517416,87,45.9,34.18,29.79,2.52
Samana,0,EC,1552514400,74,0.12,-76.97,82.38,0.5
Wells,90,GB,1552517415,87,51.21,-2.64,47.98,9.8
Verkhoturye,24,RU,1552517417,69,58.86,60.81,23.89,2.67
Nanyang,0,CN,1552517417,85,33.0,112.53,45.22,2.87
Lompoc,0,US,1552517137,39,34.64,-120.46,68.99,7.2
Areka,32,ET,1552517418,65,7.07,37.71,61.15,1.07
Qrendi,0,MT,1552517161,81,35.83,14.46,53.98,3.1
Sur,0,OM,1552517122,100,22.57,59.53,67.99,1.57
Kenai,1,US,1552517224,73,60.55,-151.26,37.97,12.3
Mecca,0,SA,1552514654,56,21.43,39.83,76.98,4.47
Caconda,64,AO,1552517419,80,-13.73,15.06,64.3,0.92
Feltre,0,IT,1552517404,80,46.02,11.91,41.99,0.5
Daitari,48,IN,1552517419,94,21.11,85.83,69.43,1.22
Preobrazheniye,20,RU,1552517420,60,42.9,133.91,30.82,2.02
Sayyan,0,YE,1552517420,87,15.17,44.32,44.37,0.47
Campbell River,75,CA,1552517173,61,50.02,-125.24,48.97,3.1
Nizhniy Tsasuchey,44,RU,1552517420,66,50.52,115.13,19.66,5.47
